1785445525.343967,3660957241.0
1785445525.844123,3660957241.0
1785445526.34428,3661355461.0
1785445526.84445,3661355461.0
1785445527.344627,3661887484.0
1785445527.844723,3661887484.0
1785445528.344881,3662419348.0
1785445528.845054,3662419348.0
1785445529.345189,3662951212.0
1785445529.84532,3662951212.0
1785445530.345465,3663484570.0
1785445530.845598,3663484570.0
1785445531.345721,3664016434.0
1785445531.845864,3664016434.0
1785445532.346074,3664546804.0
1785445532.846216,3664546804.0
1785445533.346346,3665080162.0
1785445533.846505,3665080162.0
1785445534.346702,3665612026.0
1785445534.846858,3665612026.0
1785445535.34704,3666143890.0
1785445535.847201,3666143890.0
1785445536.347358,3666675754.0
1785445536.847517,3666675754.0
1785445537.347689,3667207618.0
1785445537.847847,3667207618.0
1785445538.348024,3667739482.0
1785445538.848183,3667739482.0
1785445539.348372,3668271346.0
1785445539.848526,3668271346.0
1785445540.348686,3668803210.0
1785445540.848848,3668803210.0
1785445541.349003,3669335074.0
1785445541.849184,3669335074.0
1785445542.349348,3669866938.0
1785445542.849478,3669866938.0
1785445543.349632,3670398802.0
1785445543.849782,3670398802.0
1785445544.349917,3670930666.0
1785445544.850053,3670930666.0
1785445545.350199,3671462530.0
1785445545.850358,3671462530.0
1785445546.350617,3671994394.0
1785445546.850751,3671994394.0
1785445547.35091,3672527752.0
1785445547.851066,3672527752.0
1785445548.351221,3673058122.0
1785445548.851365,3673058122.0
1785445549.351519,3673591480.0
1785445549.851689,3673591480.0
1785445550.351846,3674123344.0
1785445550.851966,3674123344.0
1785445551.352128,3674655404.0
1785445551.852285,3674655404.0
1785445552.352444,3675187268.0
1785445552.852603,3675187268.0
1785445553.352796,3675719132.0
1785445553.852943,3675719132.0
1785445554.353099,3676250996.0
1785445554.85324,3676250996.0
1785445555.353398,3676782860.0
1785445555.853596,3676782860.0
1785445556.353739,3677314724.0
1785445556.853879,3677314724.0
1785445557.354018,3677846747.0
1785445557.854149,3677846747.0
1785445558.354266,3678378611.0
1785445558.854429,3678378611.0
1785445559.354569,3678911969.0
1785445559.85476,3678911969.0
1785445560.354879,3679442339.0
1785445560.855016,3679442339.0
1785445561.355134,3679974203.0
1785445561.855307,3679974203.0
1785445562.355419,3680507561.0
1785445562.855576,3680507561.0
1785445563.355721,3681039425.0
1785445563.855892,3681039425.0
1785445564.356094,3681571289.0
1785445564.856249,3681571289.0
1785445565.35638,3682103153.0
1785445565.856541,3682103153.0
1785445566.356714,3682635017.0
1785445566.856867,3682635017.0
1785445567.357028,3683166881.0
1785445567.857194,3683166881.0
1785445568.357361,3683698745.0
1785445568.857475,3683698745.0
1785445569.357659,3684230609.0
1785445569.857826,3684230609.0
1785445570.357967,3684762473.0
1785445570.858102,3684762473.0
1785445571.358236,3685294337.0
1785445571.858393,3685294337.0
1785445572.358523,3685826201.0
1785445572.858685,3685826201.0
1785445573.358842,3686358065.0
1785445573.859056,3686358065.0
1785445574.359269,3686891423.0
1785445574.859451,3686891423.0
1785445575.359608,3687423287.0
1785445575.859748,3687423287.0
1785445576.359885,3687955151.0
1785445576.860039,3687955151.0
1785445577.360193,3688487015.0
1785445577.860349,3688487015.0
1785445578.360505,3689018879.0
1785445578.860677,3689018879.0
1785445579.360834,3689549249.0
1785445579.860992,3689549249.0
1785445580.361153,3690082803.0
1785445580.86133,3690082803.0
1785445581.36149,3690614667.0
1785445581.861676,3690614667.0
1785445582.36186,3691145037.0
1785445582.86199,3691145037.0
1785445583.362141,3691678395.0
1785445583.862281,3691678395.0
1785445584.362425,3692210259.0
1785445584.862519,3692210259.0
1785445585.362663,3692742123.0
1785445585.862794,3692742123.0
1785445586.362975,3693274076.0
1785445586.863132,3693274076.0
1785445587.363277,3693806010.0
1785445587.863536,3693806010.0
1785445588.363675,3694337874.0
1785445588.863836,3694337874.0
1785445589.363991,3694869738.0
1785445589.864145,3694869738.0
1785445590.364305,3695401602.0
1785445590.86447,3695401602.0
1785445591.364622,3695933466.0
1785445591.864738,3695933466.0
1785445592.364891,3696466824.0
1785445592.865018,3696466824.0
1785445593.365137,3696998688.0
1785445593.865291,3696998688.0
1785445594.365466,3697529058.0
1785445594.865619,3697529058.0
1785445595.365768,3698060922.0
1785445595.865923,3698060922.0
1785445596.366079,3698594280.0
1785445596.866238,3698594280.0
1785445597.366405,3699126144.0
1785445597.866549,3699126144.0
1785445598.366701,3699658008.0
1785445598.866831,3699658008.0
1785445599.366982,3700189872.0
1785445599.867168,3700189872.0
1785445600.367305,3700721736.0
1785445600.867442,3700721736.0
1785445601.367601,3701253600.0
1785445601.867725,3701253600.0
1785445602.367885,3701785464.0
1785445602.868024,3701785464.0
1785445603.368155,3702317328.0
1785445603.868309,3702317328.0
1785445604.368468,3702849192.0
1785445604.868687,3702849192.0
1785445605.368898,3703381056.0
1785445605.869028,3703381056.0
1785445606.369159,3703912920.0
1785445606.869325,3703912920.0
1785445607.369465,3704444784.0
1785445607.869597,3704444784.0
1785445608.369822,3704978142.0
1785445608.870015,3704978142.0
1785445609.370171,3705510006.0
1785445609.87036,3705510006.0
1785445610.370531,3706042066.0
1785445610.870721,3706042066.0
1785445611.370868,3706573930.0
1785445611.871009,3706573930.0
1785445612.371148,3707105794.0
1785445612.871285,3707105794.0
1785445613.371439,3707637658.0
1785445613.871589,3707637658.0
1785445614.371746,3708169522.0
1785445614.871876,3708169522.0
1785445615.372052,3708701386.0
1785445615.872212,3708701386.0
1785445616.372345,3709233339.0
1785445616.872505,3709233339.0
1785445617.372689,3709765273.0
1785445617.872842,3709765273.0
1785445618.373001,3710297137.0
1785445618.873162,3710297137.0
1785445619.37329,3710829001.0
1785445619.873437,3710829001.0
1785445620.373617,3711360865.0
1785445620.873746,3711360865.0
1785445621.373917,3711892729.0
1785445621.874072,3711892729.0
1785445622.374273,3712424593.0
1785445622.87444,3712424593.0
1785445623.374606,3712956457.0
1785445623.874738,3712956457.0
1785445624.374892,3713488321.0
1785445624.875031,3713488321.0
1785445625.375186,3714021679.0
1785445625.875335,3714021679.0
1785445626.375481,3714553543.0
1785445626.875613,3714553543.0
1785445627.375752,3715085407.0
1785445627.875885,3715085407.0
1785445628.376021,3715617271.0
1785445628.876213,3715617271.0
1785445629.376436,3716149135.0
1785445629.87659,3716149135.0
1785445630.376745,3716680999.0
1785445630.876899,3716680999.0
1785445631.376999,3717212863.0
1785445631.877124,3717212863.0
1785445632.37728,3717744727.0
1785445632.877409,3717744727.0
1785445633.377541,3718276591.0
1785445633.877685,3718276591.0
1785445634.377873,3718808455.0
1785445634.87803,3718808455.0
1785445635.378182,3719340319.0
1785445635.87835,3719340319.0
1785445636.378506,3719872183.0
1785445636.878695,3719872183.0
1785445637.378832,3720405541.0
1785445637.878973,3720405541.0
1785445638.37914,3720937405.0
1785445638.879296,3720937405.0
1785445639.379462,3721467775.0
1785445639.879595,3721467775.0
1785445640.379721,3721999835.0
1785445640.879853,3721999835.0
1785445641.379993,3722533193.0
1785445641.880145,3722533193.0
1785445642.380346,3723065057.0
1785445642.880501,3723065057.0
1785445643.380638,3723596921.0
1785445643.880768,3723596921.0
1785445644.380926,3724128785.0
1785445644.88109,3724128785.0
1785445645.381267,3724660649.0
1785445645.881422,3724660649.0
1785445646.381582,3725192672.0
1785445646.881756,3725192672.0
1785445647.381913,3725724536.0
1785445647.882066,3725724536.0
1785445648.382276,3726256400.0
1785445648.882432,3726256400.0
1785445649.382562,3726789758.0
1785445649.882758,3726789758.0
1785445650.382953,3727320128.0
1785445650.88313,3727320128.0
1785445651.383286,3727853486.0
1785445651.883422,3727853486.0
1785445652.38356,3728385350.0
1785445652.883706,3728385350.0
1785445653.383907,3728917214.0
1785445653.884043,3728917214.0
1785445654.384199,3729449078.0
1785445654.884349,3729449078.0
1785445655.384494,3729980942.0
1785445655.884653,3729980942.0
1785445656.384807,3730512806.0
1785445656.884988,3730512806.0
1785445657.385157,3731044670.0
1785445657.885312,3731044670.0
1785445658.385472,3731576534.0
1785445658.885625,3731576534.0
1785445659.385737,3732108398.0
1785445659.885865,3732108398.0
1785445660.386056,3732640262.0
1785445660.886207,3732640262.0
1785445661.386348,3733173620.0
1785445661.88651,3733173620.0
1785445662.386677,3733703990.0
1785445662.886834,3733703990.0
1785445663.387077,3734235854.0
1785445663.887267,3734235854.0
1785445664.387413,3734769212.0
1785445664.887694,3734769212.0
1785445665.38782,3735301076.0
1785445665.887966,3735301076.0
1785445666.388142,3735832940.0
1785445666.888288,3735832940.0
1785445667.388426,3736364804.0
1785445667.888556,3736364804.0
1785445668.388741,3736896668.0
1785445668.888876,3736896668.0
1785445669.389023,3737428532.0
1785445669.889194,3737428532.0
1785445670.389351,3737960592.0
1785445670.889518,3737960592.0
1785445671.389705,3738492456.0
1785445671.889859,3738492456.0
1785445672.389986,3739024320.0
1785445672.89014,3739024320.0
1785445673.390296,3739556184.0
1785445673.890451,3739556184.0
1785445674.390611,3740088048.0
1785445674.89076,3740088048.0
1785445675.390916,3740619912.0
1785445675.891046,3740619912.0
1785445676.391203,3741151935.0
1785445676.891358,3741151935.0
1785445677.391527,3741683799.0
1785445677.891776,3741683799.0
1785445678.391955,3742215663.0
1785445678.892107,3742215663.0
1785445679.392268,3742747527.0
1785445679.892434,3742747527.0
1785445680.39259,3743280885.0
1785445680.892803,3743280885.0
1785445681.39295,3743812749.0
1785445681.893093,3743812749.0
1785445682.393228,3744344613.0
1785445682.893327,3744344613.0
1785445683.393484,3744876477.0
1785445683.893616,3744876477.0
1785445684.393779,3745408341.0
1785445684.893912,3745408341.0
1785445685.394055,3745940205.0
1785445685.89421,3745940205.0
1785445686.394356,3746472069.0
1785445686.894491,3746472069.0
1785445687.394647,3747003933.0
1785445687.894778,3747003933.0
1785445688.394927,3747535797.0
1785445688.895053,3747535797.0
1785445689.395194,3748067661.0
1785445689.895323,3748067661.0
1785445690.395461,3748599525.0
1785445690.895598,3748599525.0
1785445691.395745,3749131389.0
1785445691.895903,3749131389.0
1785445692.396008,3749663253.0
1785445692.896154,3749663253.0
1785445693.396275,3750195117.0
1785445693.896424,3750195117.0
1785445694.396583,3750726981.0
1785445694.896733,3750726981.0
1785445695.396908,3751258845.0
1785445695.897005,3751258845.0
1785445696.397161,3751790709.0
1785445696.897281,3751790709.0
1785445697.397429,3752322573.0
1785445697.89782,3752322573.0
1785445698.397957,3752854437.0
1785445698.898083,3752854437.0
1785445699.398232,3753387795.0
1785445699.898405,3753387795.0
1785445700.398561,3753919855.0
1785445700.898737,3753919855.0
1785445701.398864,3754450225.0
1785445701.899027,3754450225.0
1785445702.399157,3754982089.0
1785445702.899311,3754982089.0
1785445703.399466,3755515447.0
1785445703.899619,3755515447.0
1785445704.399736,3756047311.0
1785445704.899896,3756047311.0
1785445705.400155,3756579175.0
1785445705.900283,3756579175.0
1785445706.40046,3757111198.0
1785445706.900624,3757111198.0
1785445707.400778,3757643062.0
1785445707.900947,3757643062.0
1785445708.401109,3758174926.0
1785445708.901287,3758174926.0
1785445709.401436,3758706790.0
1785445709.901582,3758706790.0
1785445710.401747,3759238654.0
1785445710.901901,3759238654.0
1785445711.402042,3759770518.0
1785445711.902199,3759770518.0
1785445712.402456,3760302382.0
1785445712.902611,3760302382.0
1785445713.402741,3760834246.0
1785445713.902899,3760834246.0
1785445714.403051,3761366110.0
1785445714.903212,3761366110.0
1785445715.403343,3761899468.0
1785445715.903508,3761899468.0
1785445716.403655,3762431332.0
1785445716.903804,3762431332.0
1785445717.403956,3762963196.0
1785445717.904118,3762963196.0
1785445718.404276,3763493566.0
1785445718.904462,3763493566.0
1785445719.404704,3764026924.0
1785445719.904896,3764026924.0
1785445720.405082,3764558788.0
1785445720.905236,3764558788.0
1785445721.405418,3765090652.0
1785445721.905552,3765090652.0
1785445722.405709,3765622516.0
1785445722.905847,3765622516.0
1785445723.405959,3766154380.0
1785445723.906048,3766154380.0
1785445724.406192,3766686244.0
1785445724.906347,3766686244.0
1785445725.40648,3767218108.0
1785445725.906653,3767218108.0
1785445726.406848,3767749972.0
1785445726.907011,3767749972.0
1785445727.40717,3768281836.0
1785445727.90729,3768281836.0
1785445728.407425,3768813700.0
1785445728.907584,3768813700.0
1785445729.407747,3769345564.0
1785445729.907896,3769345564.0
1785445730.408051,3769877624.0
1785445730.908206,3769877624.0
1785445731.408348,3770409488.0
1785445731.908477,3770409488.0
1785445732.408648,3770941352.0
1785445732.908798,3770941352.0
1785445733.408957,3771473216.0
1785445733.909106,3771473216.0
1785445734.409261,3772005080.0
1785445734.909419,3772005080.0
1785445735.409544,3772536944.0
1785445735.909721,3772536944.0
1785445736.409877,3773070461.0
1785445736.910007,3773070461.0
1785445737.410147,3773602325.0
1785445737.910293,3773602325.0
1785445738.41045,3774134189.0
1785445738.910603,3774134189.0
1785445739.410746,3774666053.0
1785445739.910906,3774666053.0
1785445740.411091,3775197917.0
1785445740.911258,3775197917.0
1785445741.411458,3775729781.0
1785445741.911604,3775729781.0
1785445742.411734,3776261645.0
1785445742.911861,3776261645.0
1785445743.412012,3776793509.0
1785445743.912163,3776793509.0
1785445744.412312,3777325373.0
1785445744.91247,3777325373.0
1785445745.412628,3777857237.0
1785445745.912777,3777857237.0
1785445746.412942,3778389101.0
1785445746.913196,3778389101.0
1785445747.413351,3778922459.0
1785445747.913511,3778922459.0
1785445748.413645,3779454323.0
1785445748.913787,3779454323.0
1785445749.413943,3779986187.0
1785445749.91409,3779986187.0
1785445750.414244,3780518051.0
1785445750.914398,3780518051.0
1785445751.414554,3781049915.0
1785445751.914729,3781049915.0
1785445752.414893,3781581779.0
1785445752.915034,3781581779.0
1785445753.415187,3782113643.0
1785445753.915402,3782113643.0
1785445754.41557,3782645507.0
1785445754.915748,3782645507.0
1785445755.4159,3783177371.0
1785445755.916054,3783177371.0
1785445756.41621,3783710729.0
1785445756.916363,3783710729.0
1785445757.416525,3784242593.0
1785445757.916702,3784242593.0
1785445758.416864,3784774457.0
1785445758.917032,3784774457.0
1785445759.417199,3785306321.0
1785445759.917363,3785306321.0
1785445760.417519,3785838381.0
1785445760.917704,3785838381.0
1785445761.417863,3786370245.0
1785445761.91802,3786370245.0
1785445762.418174,3786902109.0
1785445762.918332,3786902109.0
1785445763.418486,3787433973.0
1785445763.918631,3787433973.0
1785445764.418789,3787965837.0
1785445764.918944,3787965837.0
1785445765.419097,3788497701.0
1785445765.919228,3788497701.0
1785445766.419358,3789029724.0
1785445766.919489,3789029724.0
1785445767.419715,3789561588.0
1785445767.919944,3789561588.0
1785445768.42011,3790093452.0
1785445768.920263,3790093452.0
1785445769.420424,3790625316.0
1785445769.920584,3790625316.0
1785445770.42074,3791157180.0
1785445770.920897,3791157180.0
1785445771.421078,3791690538.0
1785445771.921239,3791690538.0
1785445772.421396,3792222402.0
1785445772.921547,3792222402.0
1785445773.421722,3792754266.0
1785445773.921863,3792754266.0
1785445774.422009,3793286130.0
1785445774.92222,3793286130.0
1785445775.422374,3793816500.0
1785445775.922529,3793816500.0
1785445776.422666,3794349858.0
1785445776.922798,3794349858.0
1785445777.422927,3794881722.0
1785445777.923062,3794881722.0
1785445778.423185,3795413586.0
1785445778.923313,3795413586.0
1785445779.423471,3795945450.0
1785445779.923629,3795945450.0
1785445780.423717,3796475820.0
1785445780.923872,3796475820.0
1785445781.424005,3797009178.0
1785445781.924162,3797009178.0
1785445782.424316,3797541042.0
1785445782.924469,3797541042.0
1785445783.424643,3798072906.0
1785445783.924797,3798072906.0
1785445784.424958,3798604770.0
1785445784.925112,3798604770.0
1785445785.425268,3799136634.0
1785445785.925435,3799136634.0
1785445786.42559,3799668498.0
1785445786.925739,3799668498.0
1785445787.425894,3800200362.0
1785445787.926065,3800200362.0
1785445788.426237,3800732226.0
1785445788.926412,3800732226.0
1785445789.426572,3801264090.0
1785445789.926742,3801264090.0
1785445790.426894,3801796150.0
1785445790.927025,3801796150.0
1785445791.427152,3802328014.0
1785445791.927307,3802328014.0
1785445792.427458,3802859878.0
1785445792.927642,3802859878.0
1785445793.427827,3803391742.0
1785445793.92803,3803391742.0
1785445794.428197,3803923606.0
1785445794.928348,3803923606.0
1785445795.428503,3804456964.0
1785445795.929062,3804456964.0
1785445796.429226,3804987493.0
1785445796.929356,3804987493.0
1785445797.42952,3805519357.0
1785445797.929696,3805519357.0
1785445798.429849,3806051221.0
1785445798.929983,3806051221.0
1785445799.430195,3806584579.0
1785445799.930349,3806584579.0
1785445800.430543,3807114949.0
1785445800.930717,3807114949.0
1785445801.430887,3807646813.0
1785445801.931035,3807646813.0
1785445802.431173,3808178677.0
1785445802.931322,3808178677.0
1785445803.431472,3808712035.0
1785445803.931622,3808712035.0
1785445804.431736,3809243899.0
1785445804.931891,3809243899.0
1785445805.432006,3809775763.0
1785445805.932159,3809775763.0
1785445806.432315,3810307627.0
1785445806.932476,3810307627.0
1785445807.432627,3810839491.0
1785445807.932736,3810839491.0
1785445808.432887,3811371355.0
1785445808.933033,3811371355.0
1785445809.433189,3811903219.0
1785445809.933343,3811903219.0
1785445810.433495,3812435083.0
1785445810.933658,3812435083.0
1785445811.433808,3812966947.0
1785445811.933938,3812966947.0
1785445812.434088,3813498811.0
1785445812.934241,3813498811.0
1785445813.434405,3814030675.0
1785445813.93456,3814030675.0
1785445814.43473,3814562539.0
1785445814.93486,3814562539.0
1785445815.435008,3815094403.0
1785445815.93516,3815094403.0
1785445816.435303,3815626267.0
1785445816.935451,3815626267.0
1785445817.435603,3816158131.0
1785445817.935722,3816158131.0
1785445818.435853,3816689995.0
1785445818.935986,3816689995.0
1785445819.436141,3817221859.0
1785445819.936279,3817221859.0
1785445820.436385,3817753919.0
1785445820.936537,3817753919.0
1785445821.43669,3818285783.0
1785445821.936854,3818285783.0
1785445822.436981,3818819141.0
1785445822.937149,3818819141.0
1785445823.437343,3819349511.0
1785445823.937493,3819349511.0
1785445824.437629,3819882869.0
1785445824.937735,3819882869.0
1785445825.437873,3820404471.0
1785445825.938007,3820404471.0
1785445826.438138,3821099340.0
1785445826.938293,3821099340.0
1785445827.438426,3821795544.0
1785445827.93858,3821795544.0
1785445828.438709,3822490254.0
1785445828.938865,3822490254.0
1785445829.439,3823184964.0
1785445829.939162,3823184964.0
1785445830.439315,3823879674.0
1785445830.93948,3823879674.0
1785445831.439667,3824575878.0
1785445831.93981,3824575878.0
1785445832.439954,3825270588.0
1785445832.940102,3825270588.0
1785445833.440211,3825965298.0
1785445833.940362,3825965298.0
1785445834.44052,3826660008.0
1785445834.940681,3826660008.0
1785445835.440821,3827354718.0
1785445835.940971,3827354718.0
1785445836.441123,3828049428.0
1785445836.941327,3828049428.0
1785445837.441463,3828744138.0
1785445837.941621,3828744138.0
1785445838.441787,3829440342.0
1785445838.941921,3829440342.0
1785445839.44207,3830135052.0
1785445839.942225,3830135052.0
1785445840.442376,3830829762.0
1785445840.942539,3830829762.0
1785445841.442707,3831524472.0
1785445841.942954,3831524472.0
1785445842.443115,3832219182.0
1785445842.943282,3832219182.0
1785445843.443442,3832915386.0
1785445843.943609,3832915386.0
1785445844.443748,3833610096.0
1785445844.943905,3833610096.0
1785445845.444069,3834306300.0
1785445845.944219,3834306300.0
1785445846.444376,3835001010.0
1785445846.944541,3835001010.0
1785445847.444714,3835695720.0
1785445847.944866,3835695720.0
1785445848.445038,3836390430.0
1785445848.945167,3836390430.0
1785445849.445304,3837085140.0
1785445849.945486,3837085140.0
1785445850.445664,3837780046.0
1785445850.945869,3837780046.0
1785445851.446036,3838474756.0
1785445851.946181,3838474756.0
1785445852.446349,3839169466.0
1785445852.946488,3839169466.0
1785445853.446655,3839865670.0
1785445853.946794,3839865670.0
1785445854.446954,3840560380.0
1785445854.947105,3840560380.0
1785445855.447262,3841255090.0
1785445855.947413,3841255090.0
1785445856.447574,3841255090.0
1785445856.947754,3841949959.0
1785445857.447896,3841949959.0
1785445857.948121,3842646163.0
1785445858.448274,3843340873.0
1785445858.948423,3843340873.0
1785445859.448596,3843340873.0
1785445859.948743,3844037077.0
1785445860.448911,3844731787.0
1785445860.949069,3844731787.0
1785445861.449219,3845426497.0
1785445861.949372,3845426497.0
1785445862.449538,3845426497.0
1785445862.949709,3846121207.0
1785445863.449871,3846815917.0
1785445863.950019,3846815917.0
1785445864.450167,3847510627.0
1785445864.9504,3847510627.0
1785445865.450563,3848205337.0
1785445865.950726,3848205337.0
1785445866.450874,3848900047.0
1785445866.951026,3848900047.0
1785445867.451193,3849596251.0
1785445867.951344,3849596251.0
1785445868.451478,3850290961.0
1785445868.951622,3850290961.0
1785445869.451733,3850290961.0
1785445869.951857,3850985671.0
1785445870.452015,3851680381.0
1785445870.952141,3851680381.0
1785445871.452268,3851680381.0
1785445871.952397,3852376585.0
1785445872.452523,3852376585.0
1785445872.952693,3853071295.0
1785445873.452835,3853071295.0
1785445873.952985,3853766005.0
1785445874.453145,3853766005.0
1785445874.953276,3854460715.0
1785445875.453406,3854460715.0
1785445875.95356,3855155425.0
1785445876.453722,3855155425.0
1785445876.953871,3855850135.0
1785445877.454034,3855850135.0
1785445877.954184,3856544845.0
1785445878.454333,3856544845.0
1785445878.954481,3857239555.0
1785445879.454645,3857239555.0
1785445879.954799,3857935759.0
1785445880.45495,3857935759.0
1785445880.955105,3858630665.0
1785445881.455264,3858630665.0
1785445881.955418,3859325375.0
1785445882.455574,3859325375.0
1785445882.955734,3860020085.0
1785445883.455884,3860020085.0
1785445883.956032,3860714795.0
1785445884.456181,3860714795.0
1785445884.956337,3861410999.0
1785445885.456559,3861410999.0
1785445885.956684,3862105709.0
1785445886.45681,3862105709.0
1785445886.956958,3862800578.0
1785445887.457113,3862800578.0
1785445887.957259,3863495288.0
1785445888.457408,3863495288.0
1785445888.957556,3864189998.0
1785445889.457725,3864189998.0
1785445889.957855,3864886202.0
1785445890.457999,3864886202.0
1785445890.958148,3865580912.0
1785445891.458289,3865580912.0
1785445891.958441,3866275622.0
1785445892.458588,3866275622.0
1785445892.958728,3866970332.0
1785445893.458849,3866970332.0
1785445893.958992,3867665042.0
1785445894.459139,3867665042.0
1785445894.95925,3868359752.0
1785445895.459397,3868359752.0
1785445895.959618,3869055956.0
1785445896.459736,3869055956.0
1785445896.959886,3869750666.0
1785445897.46004,3869750666.0
1785445897.960178,3870445376.0
1785445898.460331,3870445376.0
1785445898.960483,3871140086.0
1785445899.460626,3871140086.0
1785445899.960751,3871836290.0
1785445900.460918,3871836290.0
1785445900.961066,3872529506.0
1785445901.461211,3872529506.0
1785445901.961356,3873225710.0
1785445902.4615,3873225710.0
1785445902.96164,3873920420.0
1785445903.461776,3873920420.0
1785445903.961929,3874615130.0
1785445904.462107,3874615130.0
1785445904.962257,3875309840.0
1785445905.462413,3875309840.0
1785445905.962688,3876004550.0
1785445906.462847,3876004550.0
1785445906.962994,3876699260.0
1785445907.46315,3876699260.0
1785445907.963305,3877393970.0
1785445908.463465,3877393970.0
1785445908.963627,3878088680.0
1785445909.463789,3878088680.0
1785445909.963954,3878783390.0
1785445910.464128,3878783390.0
1785445910.964287,3879478296.0
1785445911.464461,3879478296.0
1785445911.964615,3880174500.0
1785445912.464777,3880174500.0
1785445912.964983,3880869210.0
1785445913.465144,3880869210.0
1785445913.965292,3881563920.0
1785445914.465446,3881563920.0
1785445914.965603,3882258630.0
1785445915.465748,3882258630.0
1785445915.965909,3882953340.0
1785445916.466094,3882953340.0
1785445916.966253,3883649703.0
1785445917.466444,3883649703.0
1785445917.96658,3884344413.0
1785445918.46674,3884344413.0
1785445918.966901,3885039123.0
1785445919.467061,3885039123.0
1785445919.967253,3885733833.0
1785445920.467406,3885733833.0
1785445920.967547,3886428543.0
1785445921.467739,3886428543.0
1785445921.967894,3887123253.0
1785445922.468066,3887123253.0
1785445922.968216,3887817963.0
1785445923.468375,3887817963.0
1785445923.968536,3888512673.0
1785445924.468715,3888512673.0
1785445924.968872,3889208877.0
1785445925.469028,3889208877.0
1785445925.969183,3889903587.0
1785445926.469339,3889903587.0
1785445926.969534,3890598297.0
1785445927.469702,3890598297.0
1785445927.969859,3891293007.0
1785445928.470013,3891293007.0
1785445928.97019,3891987717.0
1785445929.470346,3891987717.0
1785445929.970494,3892683921.0
1785445930.470679,3892683921.0
1785445930.97084,3893378631.0
1785445931.471011,3893378631.0
1785445931.971148,3894073341.0
1785445932.471334,3894073341.0
1785445932.971488,3894768051.0
1785445933.471654,3894768051.0
1785445933.971837,3895462761.0
1785445934.471971,3895462761.0
1785445934.972127,3896158965.0
1785445935.472283,3896158965.0
1785445935.972436,3896852181.0
1785445936.472599,3896852181.0
1785445936.972739,3897548385.0
1785445937.472892,3897548385.0
1785445937.973011,3898243095.0
1785445938.473167,3898243095.0
1785445938.973331,3898937805.0
1785445939.473488,3898937805.0
1785445939.973655,3899632515.0
1785445940.473791,3899632515.0
1785445940.974036,3900327421.0
1785445941.474181,3900327421.0
1785445941.974334,3901023625.0
1785445942.474469,3901023625.0
1785445942.974623,3901718335.0
1785445943.474743,3901718335.0
1785445943.974905,3902413045.0
1785445944.475053,3902413045.0
1785445944.975209,3903109249.0
1785445945.475337,3903109249.0
1785445945.975496,3903803959.0
1785445946.475661,3903803959.0
1785445946.975832,3904498828.0
1785445947.475996,3904498828.0
1785445947.976215,3905193538.0
1785445948.476377,3905193538.0
1785445948.97653,3905888248.0
1785445949.476694,3905888248.0
1785445949.976831,3906582958.0
1785445950.476991,3906582958.0
1785445950.977163,3907277668.0
1785445951.477314,3907277668.0
1785445951.977467,3907972378.0
1785445952.477621,3907972378.0
1785445952.977741,3908667088.0
1785445953.477901,3908667088.0
1785445953.978038,3909361798.0
1785445954.478196,3909361798.0
1785445954.978316,3910058002.0
1785445955.478486,3910058002.0
1785445955.978598,3910752712.0
1785445956.478735,3910752712.0
1785445956.978866,3911447422.0
1785445957.479019,3911447422.0
1785445957.97917,3912142132.0
1785445958.479324,3912142132.0
1785445958.979465,3912836842.0
1785445959.479622,3912836842.0
1785445959.979771,3913533046.0
1785445960.479923,3913533046.0
1785445960.980077,3914227756.0
1785445961.480234,3914227756.0
1785445961.980397,3914922466.0
1785445962.480528,3914922466.0
1785445962.980699,3915617176.0
1785445963.480854,3915617176.0
1785445963.981006,3916311886.0
1785445964.481162,3916311886.0
1785445964.981362,3917006596.0
1785445965.481524,3917006596.0
1785445965.981665,3917701306.0
1785445966.481794,3917701306.0
1785445966.981946,3918396016.0
1785445967.482073,3918396016.0
1785445967.982234,3919092220.0
1785445968.482476,3919092220.0
1785445968.982649,3919786930.0
1785445969.482781,3919786930.0
1785445969.982922,3920481640.0
1785445970.483058,3920481640.0
1785445970.983165,3921176546.0
1785445971.483314,3921176546.0
1785445971.98347,3921872750.0
1785445972.483628,3921872750.0
1785445972.983748,3922567460.0
1785445973.483881,3922567460.0
1785445973.984039,3923262170.0
1785445974.4842,3923262170.0
1785445974.984364,3923956880.0
1785445975.484517,3923956880.0
1785445975.984684,3924651590.0
1785445976.48484,3924651590.0
1785445976.98497,3925346459.0
1785445977.485136,3925346459.0
1785445977.985292,3926042663.0
1785445978.485453,3926042663.0
1785445978.98562,3926735879.0
1785445979.485739,3926735879.0
1785445979.985889,3927432083.0
1785445980.486048,3927432083.0
1785445980.986207,3928126793.0
1785445981.48634,3928126793.0
1785445981.986468,3928821503.0
1785445982.486614,3928821503.0
1785445982.986737,3929516213.0
1785445983.486908,3929516213.0
1785445983.987052,3930212417.0
1785445984.487222,3930212417.0
1785445984.98735,3930907127.0
1785445985.487514,3930907127.0
1785445985.987671,3931601837.0
1785445986.487827,3931601837.0
1785445986.987988,3932296547.0
1785445987.488144,3932296547.0
1785445987.988298,3932991257.0
1785445988.488449,3932991257.0
1785445988.988646,3933685967.0
1785445989.488802,3933685967.0
1785445989.988961,3934382171.0
1785445990.489115,3934382171.0
1785445990.989289,3935076881.0
1785445991.489447,3935076881.0
1785445991.989603,3935771591.0
1785445992.489741,3935771591.0
1785445992.989874,3936466301.0
1785445993.490034,3936466301.0
1785445993.990194,3937161011.0
1785445994.490354,3937161011.0
1785445994.990498,3937855721.0
1785445995.490671,3937855721.0
1785445995.990917,3938550431.0
1785445996.491071,3938550431.0
1785445996.991226,3939245141.0
1785445997.491381,3939245141.0
1785445997.991525,3939941345.0
1785445998.49169,3939941345.0
1785445998.991839,3940636055.0
1785445999.492001,3940636055.0
1785445999.992154,3941330765.0
1785446000.492313,3941330765.0
1785446000.992439,3942025671.0
1785446001.492585,3942025671.0
1785446001.992742,3942721875.0
1785446002.492896,3942721875.0
1785446002.993161,3943416585.0
1785446003.493314,3943416585.0
1785446003.993448,3944111295.0
1785446004.493606,3944111295.0
1785446004.993714,3944806005.0
1785446005.493842,3944806005.0
1785446005.99398,3945500715.0
1785446006.494133,3945500715.0
1785446006.994289,3946195584.0
1785446007.494446,3946195584.0
1785446007.994607,3946890294.0
1785446008.494716,3946890294.0
1785446008.994919,3947585004.0
1785446009.49507,3947585004.0
1785446009.995228,3948279714.0
1785446010.495387,3948279714.0
1785446010.995645,3948975918.0
1785446011.495796,3948975918.0
1785446011.995943,3949670628.0
1785446012.496098,3949670628.0
1785446012.996268,3950365338.0
1785446013.4964,3950365338.0
1785446013.996537,3951060048.0
1785446014.496701,3951060048.0
1785446014.996861,3951754758.0
1785446015.497014,3951754758.0
1785446015.99717,3952449468.0
1785446016.497327,3952449468.0
1785446016.997447,3953145672.0
1785446017.497608,3953145672.0
1785446017.997749,3953840382.0
1785446018.497907,3953840382.0
1785446018.998063,3954535092.0
1785446019.498228,3954535092.0
1785446019.998385,3955229802.0
1785446020.49854,3955229802.0
1785446020.998714,3955924512.0
1785446021.498878,3955924512.0
1785446021.999009,3956620716.0
1785446022.499167,3956620716.0
1785446022.999324,3957313932.0
1785446023.499487,3957313932.0
1785446023.999618,3958008642.0
1785446024.499743,3958008642.0
1785446024.999908,3958704846.0
1785446025.500098,3958704846.0
1785446026.000265,3959399556.0
1785446026.50043,3959399556.0
1785446027.000587,3960094266.0
1785446027.500742,3960094266.0
1785446028.000897,3960788976.0
1785446028.501052,3960788976.0
1785446029.001205,3961485180.0
1785446029.501359,3961485180.0
1785446030.001538,3962179890.0
1785446030.501706,3962179890.0
1785446031.001849,3962874796.0
1785446031.502016,3962874796.0
1785446032.002178,3963569506.0
1785446032.502332,3963569506.0
1785446033.002484,3964264216.0
1785446033.50265,3964264216.0
1785446034.002805,3964960420.0
1785446034.502966,3964960420.0
1785446035.003114,3965655130.0
1785446035.503267,3965655130.0
1785446036.003422,3966349840.0
1785446036.503585,3966349840.0
1785446037.003732,3967044709.0
1785446037.503887,3967044709.0
1785446038.004051,3967739419.0
1785446038.50425,3967739419.0
1785446039.004384,3968435623.0
1785446039.504541,3968435623.0
1785446040.004721,3969130333.0
1785446040.504874,3969130333.0
1785446041.005028,3969825043.0
1785446041.505184,3969825043.0
1785446042.005338,3970519753.0
1785446042.505498,3970519753.0
1785446043.005666,3971214463.0
1785446043.505827,3971214463.0
1785446044.005987,3971910667.0
1785446044.506145,3971910667.0
1785446045.006298,3972603883.0
1785446045.506463,3972603883.0
1785446046.00662,3973300087.0
1785446046.506749,3973300087.0
1785446047.006902,3973994797.0
1785446047.507011,3973994797.0
1785446048.007172,3974688013.0
1785446048.507326,3974688013.0
1785446049.007494,3975384217.0
1785446049.507658,3975384217.0
1785446050.007826,3976078927.0
1785446050.508007,3976078927.0
1785446051.008161,3976773637.0
1785446051.50839,3976773637.0
1785446052.008546,3977468347.0
1785446052.508743,3977468347.0
1785446053.008883,3978163057.0
1785446053.50902,3978163057.0
1785446054.009184,3978857767.0
1785446054.509356,3978857767.0
1785446055.009542,3979552477.0
1785446055.509719,3979552477.0
1785446056.009877,3980247187.0
1785446056.510026,3980247187.0
1785446057.010152,3980943391.0
1785446057.51031,3980943391.0
1785446058.010464,3981638101.0
1785446058.510679,3981638101.0
1785446059.010834,3982332811.0
1785446059.510989,3982332811.0
1785446060.011158,3983027521.0
1785446060.511324,3983027521.0
1785446061.011491,3983722427.0
1785446061.511654,3983722427.0
1785446062.011785,3984417137.0
1785446062.511945,3984417137.0
1785446063.012107,3985111847.0
1785446063.512257,3985111847.0
1785446064.012443,3985806557.0
1785446064.512576,3985806557.0
1785446065.012754,3986502761.0
1785446065.512929,3986502761.0
1785446066.013046,3987197471.0
1785446066.513182,3987197471.0
1785446067.013335,3987892340.0
1785446067.513493,3987892340.0
1785446068.013643,3988587050.0
1785446068.513803,3988587050.0
1785446069.013957,3989281760.0
1785446069.514112,3989281760.0
1785446070.01426,3989976470.0
1785446070.514442,3989976470.0
1785446071.014583,3990671180.0
1785446071.514736,3990671180.0
1785446072.014893,3991367384.0
1785446072.515151,3991367384.0
1785446073.015302,3992062094.0
1785446073.515422,3992062094.0
1785446074.015607,3992756804.0
1785446074.515716,3992756804.0
1785446075.015877,3993451514.0
1785446075.515981,3993451514.0
1785446076.01613,3994146224.0
1785446076.51628,3994146224.0
1785446077.016431,3994840934.0
1785446077.516581,3994840934.0
1785446078.016737,3995537138.0
1785446078.51688,3995537138.0
1785446079.017018,3996231848.0
1785446079.517165,3996231848.0
1785446080.017318,3996926558.0
1785446080.517468,3996926558.0
1785446081.017626,3997621268.0
1785446081.51775,3997621268.0
1785446082.017892,3998315978.0
1785446082.518036,3998315978.0
1785446083.018192,3999010688.0
1785446083.518328,3999010688.0
1785446084.018485,3999705398.0
1785446084.518619,3999705398.0
1785446085.018746,4000400108.0
1785446085.518878,4000400108.0
1785446086.019054,4001096312.0
1785446086.519198,4001096312.0
1785446087.019348,4001791022.0
1785446087.51947,4001791022.0
1785446088.019618,4002485732.0
1785446088.519739,4002485732.0
1785446089.019896,4003180442.0
1785446089.520054,4003180442.0
1785446090.020217,4003875152.0
1785446090.520376,4003875152.0
1785446091.020534,4004571552.0
1785446091.520705,4004571552.0
1785446092.020857,4005266262.0
1785446092.52101,4005266262.0
1785446093.021266,4005960972.0
1785446093.521412,4005960972.0
1785446094.02156,4006655682.0
1785446094.521734,4006655682.0
1785446095.02189,4007350392.0
1785446095.52203,4007350392.0
1785446096.022194,4008045102.0
1785446096.522354,4008045102.0
1785446097.022508,4008739971.0
1785446097.52263,4008739971.0
1785446098.022779,4009434681.0
1785446098.522927,4009434681.0
1785446099.023085,4010129391.0
1785446099.523284,4010129391.0
1785446100.023518,4010824101.0
1785446100.523685,4010824101.0
1785446101.023816,4011518811.0
1785446101.523988,4011518811.0
1785446102.024155,4012213521.0
1785446102.52431,4012213521.0
1785446103.024462,4012908231.0
1785446103.524632,4012908231.0
1785446104.024784,4013604435.0
1785446104.524947,4013604435.0
1785446105.025116,4014299145.0
1785446105.525249,4014299145.0
1785446106.025404,4014993855.0
1785446106.52556,4014993855.0
1785446107.025786,4015688565.0
1785446107.525935,4015688565.0
1785446108.026092,4016383275.0
1785446108.526257,4016383275.0
1785446109.026412,4017077985.0
1785446109.526555,4017077985.0
1785446110.026742,4017772695.0
1785446110.526898,4017772695.0
1785446111.027054,4018468899.0
1785446111.52722,4018468899.0
1785446112.027387,4019163609.0
1785446112.527548,4019163609.0
1785446113.027717,4019858319.0
1785446113.527891,4019858319.0
1785446114.028053,4020553029.0
1785446114.528227,4020553029.0
1785446115.028401,4021247739.0
1785446115.528557,4021247739.0
1785446116.028723,4021942449.0
1785446116.528878,4021942449.0
1785446117.029033,4022637159.0
1785446117.529135,4022637159.0
1785446118.029348,4023331869.0
1785446118.529487,4023331869.0
1785446119.02962,4024028073.0
1785446119.529727,4024028073.0
1785446120.029857,4024722783.0
1785446120.530008,4024722783.0
1785446121.030246,4025417689.0
1785446121.530465,4025417689.0
1785446122.030618,4026112399.0
1785446122.530717,4026112399.0
1785446123.03087,4026807109.0
1785446123.531013,4026807109.0
1785446124.031144,4027501819.0
1785446124.531297,4027501819.0
1785446125.031453,4028198023.0
1785446125.53162,4028198023.0
1785446126.031716,4028783866.0
1785446126.531849,4028783866.0
1785446127.032016,4029312901.0
1785446127.532174,4029312901.0
1785446128.032388,4029844765.0
1785446128.532527,4029844765.0
1785446129.032683,4030373641.0
1785446129.532843,4030373641.0
1785446130.033008,4030904011.0
1785446130.533148,4030904011.0
1785446131.033318,4031434381.0
1785446131.533497,4031434381.0
1785446132.033662,4031964751.0
1785446132.533803,4031964751.0
1785446133.033956,4032493627.0
1785446133.53411,4032493627.0
1785446134.03425,4033023997.0
1785446134.534405,4033023997.0
1785446135.034532,4033554367.0
1785446135.534698,4033554367.0
1785446136.034847,4034084737.0
1785446136.535001,4034084737.0
1785446137.035131,4034615107.0
1785446137.535289,4034615107.0
1785446138.035517,4035143983.0
1785446138.535712,4035143983.0
1785446139.035867,4035674353.0
1785446139.536022,4035674353.0
1785446140.036177,4036204723.0
1785446140.536332,4036204723.0
1785446141.036489,4036735093.0
1785446141.536698,4036735093.0
1785446142.036888,4037265463.0
1785446142.537026,4037265463.0
1785446143.037181,4037795833.0
1785446143.537342,4037795833.0
1785446144.03752,4038326203.0
1785446144.537693,4038326203.0
1785446145.037851,4038855079.0
1785446145.537994,4038855079.0
1785446146.038153,4039385449.0
1785446146.538304,4039385449.0
1785446147.038469,4039915819.0
1785446147.538621,4039915819.0
1785446148.038735,4040446189.0
1785446148.538873,4040446189.0
1785446149.038984,4040975065.0
1785446149.53911,4040975065.0
1785446150.039272,4041505435.0
1785446150.539439,4041505435.0
1785446151.039577,4042036001.0
1785446151.539726,4042036001.0
1785446152.039884,4042566371.0
1785446152.540045,4042566371.0
1785446153.040174,4043096741.0
1785446153.540363,4043096741.0
1785446154.040497,4043627111.0
1785446154.540666,4043627111.0
1785446155.040767,4044155987.0
1785446155.540931,4044155987.0
1785446156.041083,4044686357.0
1785446156.541212,4044686357.0
1785446157.041378,4045218380.0
1785446157.541551,4045218380.0
1785446158.041704,4045750244.0
1785446158.541863,4045750244.0
1785446159.042022,4046279120.0
1785446159.542165,4046279120.0
1785446160.042314,4046809490.0
1785446160.542473,4046809490.0
1785446161.042629,4047339860.0
1785446161.542734,4047339860.0
1785446162.042869,4047870230.0
1785446162.543168,4047870230.0
1785446163.043322,4048400600.0
1785446163.543477,4048400600.0
1785446164.043614,4048930970.0
1785446164.543757,4048930970.0
1785446165.043921,4049459846.0
1785446165.544082,4049459846.0
1785446166.044244,4049990216.0
1785446166.544391,4049990216.0
1785446167.044546,4050520586.0
1785446167.544692,4050520586.0
1785446168.044856,4051050956.0
1785446168.545018,4051050956.0
1785446169.045146,4051581326.0
1785446169.545425,4051581326.0
1785446170.045577,4052111696.0
1785446170.545733,4052111696.0
1785446171.045881,4052642066.0
1785446171.546049,4052642066.0
1785446172.046176,4053170942.0
1785446172.54631,4053170942.0
1785446173.046457,4053701312.0
1785446173.546605,4053701312.0
1785446174.046729,4054231682.0
1785446174.546905,4054231682.0
1785446175.04706,4054762052.0
1785446175.547213,4054762052.0
1785446176.047371,4055292422.0
1785446176.547645,4055292422.0
1785446177.047774,4055821298.0
1785446177.547927,4055821298.0
1785446178.048082,4056351668.0
1785446178.548235,4056351668.0
1785446179.048384,4056882038.0
1785446179.548535,4056882038.0
1785446180.048687,4057410914.0
1785446180.548829,4057410914.0
1785446181.048984,4057942974.0
1785446181.549155,4057942974.0
1785446182.049285,4058471850.0
1785446182.54944,4058471850.0
1785446183.049596,4059002220.0
1785446183.549822,4059002220.0
1785446184.049978,4059532590.0
1785446184.550133,4059532590.0
1785446185.050288,4060062960.0
1785446185.550443,4060062960.0
1785446186.050597,4060593330.0
1785446186.550744,4060593330.0
1785446187.050881,4061123859.0
1785446187.551012,4061123859.0
1785446188.051165,4061652735.0
1785446188.551321,4061652735.0
1785446189.051486,4062183105.0
1785446189.551653,4062183105.0
1785446190.051781,4062713475.0
1785446190.551956,4062713475.0
1785446191.052106,4063243845.0
1785446191.552261,4063243845.0
1785446192.052415,4063774215.0
1785446192.552571,4063774215.0
1785446193.052759,4064304585.0
1785446193.552907,4064304585.0
1785446194.053065,4064834955.0
1785446194.553226,4064834955.0
1785446195.053383,4065363831.0
1785446195.553547,4065363831.0
1785446196.053693,4065894201.0
1785446196.553849,4065894201.0
1785446197.054039,4066424571.0
1785446197.554216,4066424571.0
1785446198.054373,4066954941.0
1785446198.554523,4066954941.0
1785446199.054684,4067485311.0
1785446199.554841,4067485311.0
1785446200.05499,4068015681.0
1785446200.55515,4068015681.0
1785446201.055278,4068544557.0
1785446201.555438,4068544557.0
1785446202.055601,4069074927.0
1785446202.555733,4069074927.0
1785446203.05588,4069605297.0
1785446203.556038,4069605297.0
1785446204.056191,4070134173.0
1785446204.556354,4070134173.0
1785446205.056503,4070666037.0
1785446205.556675,4070666037.0
1785446206.05683,4071194913.0
1785446206.556992,4071194913.0
1785446207.057144,4071725283.0
1785446207.557296,4071725283.0
1785446208.057434,4072255653.0
1785446208.557571,4072255653.0
1785446209.057684,4072786023.0
1785446209.557833,4072786023.0
1785446210.057965,4073316393.0
1785446210.55812,4073316393.0
1785446211.058285,4073846959.0
1785446211.558429,4073846959.0
1785446212.058588,4074377329.0
1785446212.558737,4074377329.0
1785446213.058893,4074906205.0
1785446213.559048,4074906205.0
1785446214.059205,4075436575.0
1785446214.559363,4075436575.0
1785446215.059492,4075966945.0
1785446215.559648,4075966945.0
1785446216.059827,4076497315.0
1785446216.559969,4076497315.0
1785446217.060124,4077027844.0
1785446217.560249,4077027844.0
1785446218.060522,4077558214.0
1785446218.560659,4077558214.0
1785446219.060797,4078087090.0
1785446219.560943,4078087090.0
1785446220.061093,4078617460.0
1785446220.561256,4078617460.0
1785446221.061398,4079147830.0
1785446221.561558,4079147830.0
1785446222.061712,4079678200.0
1785446222.561879,4079678200.0
1785446223.062034,4080208570.0
1785446223.562186,4080208570.0
1785446224.062343,4080738940.0
1785446224.562505,4080738940.0
1785446225.062767,4081269310.0
1785446225.56291,4081269310.0
1785446226.063044,4081799680.0
1785446226.563198,4081799680.0
1785446227.063353,4082330050.0
1785446227.563507,4082330050.0
1785446228.06367,4082860420.0
1785446228.563827,4082860420.0
1785446229.064009,4083390790.0
1785446229.564188,4083390790.0
1785446230.064342,4083919666.0
1785446230.564473,4083919666.0
1785446231.064621,4084450036.0
1785446231.564746,4084450036.0
1785446232.065005,4084980406.0
1785446232.56517,4084980406.0
1785446233.065343,4085510776.0
1785446233.565512,4085510776.0
1785446234.065719,4086041146.0
1785446234.565863,4086041146.0
1785446235.065994,4086571516.0
1785446235.566148,4086571516.0
1785446236.066315,4087100392.0
1785446236.56647,4087100392.0
1785446237.066577,4087630762.0
1785446237.566749,4087630762.0
1785446238.066916,4088161132.0
1785446238.56707,4088161132.0
1785446239.067307,4088691502.0
1785446239.567462,4088691502.0
1785446240.067616,4089221872.0
1785446240.56773,4089221872.0
1785446241.067862,4089750944.0
1785446241.568019,4089750944.0
1785446242.068206,4090281314.0
1785446242.568359,4090281314.0
1785446243.068512,4090811684.0
1785446243.56867,4090811684.0
1785446244.068823,4091342054.0
1785446244.568983,4091342054.0
1785446245.069148,4091870930.0
1785446245.569304,4091870930.0
1785446246.069556,4092402794.0
1785446246.569723,4092402794.0
1785446247.069922,4092931829.0
1785446247.570076,4092931829.0
1785446248.070232,4093462199.0
1785446248.570389,4093462199.0
1785446249.070546,4093992569.0
1785446249.570714,4093992569.0
1785446250.070866,4094522939.0
1785446250.571018,4094522939.0
1785446251.071163,4095053309.0
1785446251.571319,4095053309.0
1785446252.071474,4095583679.0
1785446252.571605,4095583679.0
1785446253.071828,4096112555.0
1785446253.571985,4096112555.0
1785446254.072142,4096642925.0
1785446254.572311,4096642925.0
1785446255.07247,4097173295.0
1785446255.57265,4097173295.0
1785446256.07281,4097703665.0
1785446256.572963,4097703665.0
1785446257.073135,4098232541.0
1785446257.573297,4098232541.0
1785446258.073473,4098762911.0
1785446258.573605,4098762911.0
1785446259.073733,4099293281.0
1785446259.573842,4099293281.0
1785446260.074068,4099823651.0
1785446260.574195,4099823651.0
1785446261.07433,4100354021.0
1785446261.574466,4100354021.0
1785446262.07462,4100882897.0
1785446262.57473,4100882897.0
1785446263.07488,4101413267.0
1785446263.575051,4101413267.0
1785446264.075203,4101943637.0
1785446264.575331,4101943637.0
1785446265.075486,4102474007.0
1785446265.575645,4102474007.0
1785446266.075804,4103004377.0
1785446266.575973,4103004377.0
1785446267.076244,4103533253.0
1785446267.576397,4103533253.0
1785446268.076544,4104063623.0
1785446268.5767,4104063623.0
1785446269.076854,4104593993.0
1785446269.577009,4104593993.0
1785446270.077167,4105124363.0
1785446270.5773,4105124363.0
1785446271.077432,4105654929.0
1785446271.577594,4105654929.0
1785446272.077735,4106185299.0
1785446272.577891,4106185299.0
1785446273.078052,4106714175.0
1785446273.578169,4106714175.0
1785446274.078321,4107244545.0
1785446274.578481,4107244545.0
1785446275.078653,4107774915.0
1785446275.578836,4107774915.0
1785446276.07899,4108305285.0
1785446276.579142,4108305285.0
1785446277.079281,4108835814.0
1785446277.579433,4108835814.0
1785446278.079606,4109366184.0
1785446278.579729,4109366184.0
1785446279.079871,4109896554.0
1785446279.580034,4109896554.0
1785446280.080187,4110426924.0
1785446280.58034,4110426924.0
1785446281.080497,4110955800.0
1785446281.580665,4110955800.0
1785446282.080816,4111486170.0
1785446282.580973,4111486170.0
1785446283.081138,4112016540.0
1785446283.581339,4112016540.0
1785446284.081493,4112546910.0
1785446284.58167,4112546910.0
1785446285.081837,4113075786.0
1785446285.581999,4113075786.0
1785446286.08218,4113606156.0
1785446286.582355,4113606156.0
1785446287.082507,4114136526.0
1785446287.582675,4114136526.0
1785446288.082834,4114666896.0
1785446288.582988,4114666896.0
1785446289.083117,4115197266.0
1785446289.583275,4115197266.0
1785446290.083416,4115727636.0
1785446290.583574,4115727636.0
1785446291.083738,4116258006.0
1785446291.58398,4116258006.0
1785446292.084134,4116786882.0
1785446292.584289,4116786882.0
1785446293.084441,4117317252.0
1785446293.5846,4117317252.0
1785446294.084768,4117847622.0
1785446294.584933,4117847622.0
1785446295.085076,4118377992.0
1785446295.585248,4118377992.0
1785446296.085416,4118908362.0
1785446296.585587,4118908362.0
1785446297.085743,4119438732.0
1785446297.58589,4119438732.0
1785446298.086042,4119969102.0
1785446298.586183,4119969102.0
1785446299.086327,4120499472.0
1785446299.586488,4120499472.0
1785446300.086626,4121029842.0
1785446300.586722,4121029842.0
1785446301.086878,4121560408.0
1785446301.58703,4121560408.0
1785446302.087186,4122089284.0
1785446302.587328,4122089284.0
1785446303.087478,4122619654.0
1785446303.587632,4122619654.0
1785446304.087789,4123150024.0
1785446304.587965,4123150024.0
1785446305.088132,4123678900.0
1785446305.588263,4123678900.0
1785446306.088415,4124210764.0
1785446306.588571,4124210764.0
1785446307.088744,4124739799.0
1785446307.588896,4124739799.0
1785446308.089047,4125270169.0
1785446308.589247,4125270169.0
1785446309.089408,4125800539.0
1785446309.589573,4125800539.0
1785446310.089736,4126330909.0
1785446310.5899,4126330909.0
1785446311.090058,4126861279.0
1785446311.590219,4126861279.0
1785446312.090375,4127391649.0
1785446312.590535,4127391649.0
1785446313.090701,4127922019.0
1785446313.590851,4127922019.0
1785446314.090984,4128450895.0
1785446314.591133,4128450895.0
1785446315.091286,4128981265.0
1785446315.591495,4128981265.0
1785446316.091661,4129511635.0
1785446316.591822,4129511635.0
1785446317.091979,4130042005.0
1785446317.59214,4130042005.0
1785446318.092299,4130570881.0
1785446318.592464,4130570881.0
1785446319.092622,4131101251.0
1785446319.592853,4131101251.0
1785446320.093017,4131631621.0
1785446320.593175,4131631621.0
1785446321.09336,4132161991.0
1785446321.593513,4132161991.0
1785446322.093683,4132692361.0
1785446322.593844,4132692361.0
1785446323.094,4133222731.0
1785446323.594164,4133222731.0
1785446324.094345,4133753101.0
1785446324.594467,4133753101.0
1785446325.094666,4134283471.0
1785446325.594794,4134283471.0
1785446326.094905,4134812347.0
1785446326.595086,4134812347.0
1785446327.095221,4135342717.0
1785446327.595379,4135342717.0
1785446328.095511,4135873087.0
1785446328.595646,4135873087.0
1785446329.095774,4135873087.0
1785446329.596009,4136403457.0
1785446330.096143,4136403457.0
1785446330.596344,4136933827.0
1785446331.0965,4136933827.0
1785446331.596642,4137464393.0
1785446332.096798,4137464393.0
1785446332.596919,4137993269.0
1785446333.09708,4138523639.0
1785446333.597222,4138523639.0
1785446334.097364,4139054009.0
1785446334.597499,4139054009.0
1785446335.097652,4139584379.0
1785446335.597794,4139584379.0
1785446336.097952,4140114908.0
1785446336.598166,4140114908.0
1785446337.098324,4140643784.0
1785446337.598464,4140643784.0
1785446338.098618,4140643784.0
1785446338.598717,4141174154.0
1785446339.098904,4141174154.0
1785446339.599059,4141704524.0
1785446340.099214,4142234894.0
1785446340.599391,4142234894.0
1785446341.099538,4142765264.0
1785446341.5997,4142765264.0
1785446342.099859,4142765264.0
1785446342.600013,4143294140.0
1785446343.100164,4143824510.0
1785446343.60032,4143824510.0
1785446344.100464,4144354880.0
1785446344.600614,4144354880.0
1785446345.100745,4144885250.0
1785446345.600871,4144885250.0
1785446346.101038,4145415620.0
1785446346.601193,4145415620.0
1785446347.101349,4145945990.0
1785446347.601503,4145945990.0
1785446348.101668,4146476360.0
1785446348.601813,4146476360.0
1785446349.101967,4146476360.0
1785446349.60213,4147006730.0
1785446350.102287,4147006730.0
1785446350.602449,4147535606.0
1785446351.102595,4147535606.0
1785446351.602737,4148065976.0
1785446352.102901,4148065976.0
1785446352.603053,4148596346.0
1785446353.103231,4148596346.0
1785446353.603392,4149126716.0
1785446354.103552,4149126716.0
1785446354.603702,4149657086.0
1785446355.103847,4149657086.0
1785446355.604003,4150187456.0
1785446356.104157,4150187456.0
1785446356.604315,4150717826.0
1785446357.104464,4150717826.0
1785446357.604629,4151246702.0
1785446358.10474,4151246702.0
1785446358.604893,4151777072.0
1785446359.105051,4151777072.0
1785446359.605196,4152307442.0
1785446360.105352,4152307442.0
1785446360.605505,4152837812.0
1785446361.105669,4152837812.0
1785446361.605828,4153368378.0
1785446362.105982,4153368378.0
1785446362.606137,4153898748.0
1785446363.106299,4153898748.0
1785446363.606454,4154427624.0
1785446364.106683,4154427624.0
1785446364.606842,4154959488.0
1785446365.10701,4154959488.0
1785446365.607165,4155488364.0
1785446366.107316,4155488364.0
1785446366.607482,4156018893.0
1785446367.107652,4156018893.0
1785446367.607809,4156549263.0
1785446368.107969,4156549263.0
1785446368.608119,4157079633.0
1785446369.108271,4157079633.0
1785446369.608439,4157610003.0
1785446370.108605,4157610003.0
1785446370.608739,4158140373.0
1785446371.108932,4158140373.0
1785446371.609085,4158670743.0
1785446372.109237,4158670743.0
1785446372.609397,4159199619.0
1785446373.109547,4159199619.0
1785446373.609707,4159729989.0
1785446374.109857,4159729989.0
1785446374.609989,4160260359.0
1785446375.110131,4160260359.0
1785446375.610276,4160789235.0
1785446376.110431,4160789235.0
1785446376.610592,4161321099.0
1785446377.110758,4161321099.0
1785446377.61093,4161849975.0
1785446378.111185,4161849975.0
1785446378.611361,4162380345.0
1785446379.111537,4162380345.0
1785446379.611724,4162910715.0
1785446380.111898,4162910715.0
1785446380.612038,4163441085.0
1785446381.112182,4163441085.0
1785446381.612331,4163971455.0
1785446382.112468,4163971455.0
1785446382.612627,4164501825.0
1785446383.11274,4164501825.0
1785446383.612965,4165032195.0
1785446384.113124,4165032195.0
1785446384.613285,4165561071.0
1785446385.113466,4165561071.0
1785446385.613623,4166091441.0
1785446386.113734,4166091441.0
1785446386.613903,4166621811.0
1785446387.114057,4166621811.0
1785446387.614203,4167152181.0
1785446388.114349,4167152181.0
1785446388.61448,4167682551.0
1785446389.114593,4167682551.0
1785446389.61475,4168212921.0
1785446390.114941,4168212921.0
1785446390.615096,4168743487.0
1785446391.115259,4168743487.0
1785446391.615416,4169273857.0
1785446392.115665,4169273857.0
1785446392.61582,4169802733.0
1785446393.115976,4169802733.0
1785446393.616135,4170334597.0
1785446394.116298,4170334597.0
1785446394.616444,4170863473.0
1785446395.116603,4170863473.0
1785446395.616735,4171393843.0
1785446396.116871,4171393843.0
1785446396.617039,4171924372.0
1785446397.117173,4171924372.0
1785446397.61728,4172454742.0
1785446398.117431,4172454742.0
1785446398.61758,4172983618.0
1785446399.117741,4172983618.0
1785446399.617875,4173515482.0
1785446400.118027,4173515482.0
1785446400.618184,4174044358.0
1785446401.118345,4174044358.0
1785446401.6185,4174574728.0
1785446402.118662,4174574728.0
1785446402.618817,4175105098.0
1785446403.118982,4175105098.0
1785446403.619127,4175635468.0
1785446404.119283,4175635468.0
1785446404.619447,4176165838.0
1785446405.119602,4176165838.0
1785446405.619744,4176696208.0
1785446406.119906,4176696208.0
1785446406.620074,4177226578.0
1785446407.120235,4177226578.0
1785446407.620429,4177755454.0
1785446408.120587,4177755454.0
1785446408.620739,4178285824.0
1785446409.120899,4178285824.0
1785446409.621053,4178816194.0
1785446410.121209,4178816194.0
1785446410.621365,4179346564.0
1785446411.121498,4179346564.0
1785446411.621667,4179876934.0
1785446412.121797,4179876934.0
1785446412.621954,4180407304.0
1785446413.122072,4180407304.0
1785446413.622221,4180937674.0
1785446414.122372,4180937674.0
1785446414.62253,4181466550.0
1785446415.122723,4181466550.0
1785446415.622871,4181996920.0
1785446416.123036,4181996920.0
1785446416.623197,4182527290.0
1785446417.123356,4182527290.0
1785446417.623476,4183057660.0
1785446418.123631,4183057660.0
1785446418.623745,4183588030.0
1785446419.123908,4183588030.0
1785446419.624092,4184118400.0
1785446420.124246,4184118400.0
1785446420.624403,4184647472.0
1785446421.12456,4184647472.0
1785446421.624716,4185177842.0
1785446422.12487,4185177842.0
1785446422.624987,4185708212.0
1785446423.125148,4185708212.0
1785446423.625309,4186238582.0
1785446424.125469,4186238582.0
1785446424.625631,4186768952.0
